period,MBBL,MBBL/D,year,month,quarter,dayofyear,weekofyear,lag_1,lag_2,lag_3,rolling_mean_3,rolling_mean_6,rolling_std_3,rolling_std_6,target
1981-07-01,129775,4186,1981,7,3,182,27,4219.0,4179.0,4251.0,4216.333333333333,4246.333333333333,36.07399802258324,40.60870185892027,4209.0
1981-08-01,130475,4209,1981,8,3,213,31,4186.0,4219.0,4179.0,4194.666666666667,4231.166666666667,21.361959960016158,43.7374743974397,4197.0
1981-09-01,125898,4197,1981,9,3,244,36,4209.0,4186.0,4219.0,4204.666666666667,4221.833333333333,16.921386861995945,40.96055012651445,4185.0
1981-10-01,129735,4185,1981,10,4,274,40,4197.0,4209.0,4186.0,4197.333333333333,4206.833333333333,11.50362261782488,26.110661934672013,4175.0
1981-11-01,125257,4175,1981,11,4,305,44,4185.0,4197.0,4209.0,4197.0,4195.833333333333,12.000000000000057,15.548847760099397,4180.0
1981-12-01,129573,4180,1981,12,4,335,49,4175.0,4185.0,4197.0,4185.666666666667,4195.166666666667,11.015141094572376,16.473210575560174,4118.0
1982-01-01,127644,4118,1982,1,1,1,53,4180.0,4175.0,4185.0,4180.0,4188.666666666667,5.000000000000637,12.372011423643023,4177.0
1982-02-01,116957,4177,1982,2,1,32,5,4118.0,4180.0,4175.0,4157.666666666667,4177.333333333333,34.44318994131277,31.56369222170895,4205.0
1982-03-01,130347,4205,1982,3,1,60,9,4177.0,4118.0,4180.0,4158.333333333333,4172.0,34.961884007206436,27.597101297058572,4202.0
1982-04-01,126047,4202,1982,4,2,91,13,4205.0,4177.0,4118.0,4166.666666666667,4173.333333333333,44.41095960833703,29.193606606015265,4201.0
1982-05-01,130230,4201,1982,5,2,121,17,4202.0,4205.0,4177.0,4194.666666666667,4176.166666666667,15.37313674346685,31.30122468317765,4173.0
1982-06-01,125199,4173,1982,6,2,152,22,4201.0,4202.0,4205.0,4202.666666666667,4180.5,2.0816659994645854,32.867917488032184,4173.0
1982-07-01,129356,4173,1982,7,3,182,26,4173.0,4201.0,4202.0,4192.0,4179.333333333333,16.46207763315415,33.01312870157509,4159.0
1982-08-01,128944,4159,1982,8,3,213,30,4173.0,4173.0,4201.0,4182.333333333333,4188.5,16.165807537309274,15.642889758611798,4184.0
1982-09-01,125526,4184,1982,9,3,244,35,4159.0,4173.0,4173.0,4168.333333333333,4185.5,8.08290376865387,19.53202498462672,4201.0
1982-10-01,130232,4201,1982,10,4,274,39,4184.0,4159.0,4173.0,4172.0,4182.0,12.529964086141051,17.064583206163686,4228.0
1982-11-01,126841,4228,1982,11,4,305,44,4201.0,4184.0,4159.0,4181.333333333333,4181.833333333333,21.12660250332084,16.83349834902869,4171.0
1982-12-01,129302,4171,1982,12,4,335,48,4228.0,4201.0,4184.0,4204.333333333333,4186.333333333333,22.18858565419015,24.73593876663575,4164.0
1983-01-01,129086,4164,1983,1,1,1,52,4171.0,4228.0,4201.0,4200.0,4186.0,28.513154858766576,24.963974042609635,4206.0
1983-02-01,117774,4206,1983,2,1,32,5,4164.0,4171.0,4228.0,4187.666666666667,4184.5,35.10460558578237,26.143832924804432,4189.0
1983-03-01,129860,4189,1983,3,1,60,9,4206.0,4164.0,4171.0,4180.333333333333,4192.333333333333,22.50185177565077,23.922095783328643,4217.0
1983-04-01,126507,4217,1983,4,2,91,13,4189.0,4206.0,4164.0,4186.333333333333,4193.166666666667,21.12660250332174,23.659388552258683,4180.0
1983-05-01,129595,4180,1983,5,2,121,17,4217.0,4189.0,4206.0,4204.0,4195.833333333333,14.106735979667029,25.54538444938234,4167.0
1983-06-01,125002,4167,1983,6,2,152,22,4180.0,4217.0,4189.0,4195.333333333333,4187.833333333333,19.29594085120915,20.468675254318615,4152.0
1983-07-01,128699,4152,1983,7,3,182,26,4167.0,4180.0,4217.0,4188.0,4187.166666666667,25.942243542146276,21.179392499945664,4174.0
1983-08-01,129402,4174,1983,8,3,213,31,4152.0,4167.0,4180.0,4166.333333333333,4185.166666666667,14.011899704656765,24.161263763858788,4230.0
1983-09-01,126914,4230,1983,9,3,244,35,4174.0,4152.0,4167.0,4164.333333333333,4179.833333333333,11.239810200059404,22.08544015107593,4236.0
1983-10-01,131306,4236,1983,10,4,274,39,4230.0,4174.0,4152.0,4185.333333333333,4186.666666666667,40.21608301828224,30.30291515129779,4229.0
1983-11-01,126879,4229,1983,11,4,305,44,4236.0,4230.0,4174.0,4213.333333333333,4189.833333333333,34.195516275286465,34.77019796703417,4046.0
1983-12-01,125440,4046,1983,12,4,335,48,4229.0,4236.0,4230.0,4231.666666666667,4198.0,3.7859388972078296,37.635090009193064,4316.0
1984-01-01,133809,4316,1984,1,1,1,52,4046.0,4229.0,4236.0,4170.333333333333,4177.833333333333,107.73269389249191,73.19130185115412,4278.0
1984-02-01,124060,4278,1984,2,1,32,5,4316.0,4046.0,4229.0,4197.0,4205.166666666667,137.81509351301116,90.2494690658438,4317.0
1984-03-01,133825,4317,1984,3,1,61,9,4278.0,4316.0,4046.0,4213.333333333333,4222.5,146.15516868497454,93.01128963733372,4252.0
1984-04-01,127555,4252,1984,4,2,92,13,4317.0,4278.0,4316.0,4303.666666666667,4237.0,22.23360819420446,100.86426522807744,4310.0
1984-05-01,133605,4310,1984,5,2,122,18,4252.0,4317.0,4278.0,4282.333333333333,4239.666666666667,32.71594921950747,101.04388485537666,4297.0
1984-06-01,128904,4297,1984,6,2,153,22,4310.0,4252.0,4317.0,4293.0,4253.166666666667,35.679125549823375,104.67935167293791,4285.0
1984-07-01,132837,4285,1984,7,3,183,26,4297.0,4310.0,4252.0,4286.333333333333,4295.0,30.435724623103606,25.659306303949684,4271.0
1984-08-01,132399,4271,1984,8,3,214,31,4285.0,4297.0,4310.0,4297.333333333333,4289.833333333333,12.503332889010037,23.62555113995397,4296.0
1984-09-01,128890,4296,1984,9,3,245,35,4271.0,4285.0,4297.0,4284.333333333333,4288.666666666667,13.012814197297763,24.48400838642604,4263.0
1984-10-01,132161,4263,1984,10,4,275,40,4296.0,4271.0,4285.0,4284.0,4285.166666666667,12.529964086143982,20.855854493800585,4282.0
1984-11-01,128458,4282,1984,11,4,306,44,4263.0,4296.0,4271.0,4276.666666666667,4287.0,17.214335111568918,17.58408371226413,4329.0
1984-12-01,134185,4329,1984,12,4,336,48,4282.0,4263.0,4296.0,4280.333333333333,4282.333333333333,16.563010998408277,13.50061726983539,4243.0
1985-01-01,131543,4243,1985,1,1,1,1,4329.0,4282.0,4263.0,4291.333333333333,4287.666666666667,33.97548135543334,23.252240035458616,4274.0
1985-02-01,119662,4274,1985,2,1,32,5,4243.0,4329.0,4282.0,4284.666666666667,4280.666666666667,43.0619708482254,29.655803254448728,4321.0
1985-03-01,133939,4321,1985,3,1,60,9,4274.0,4243.0,4329.0,4282.0,4281.166666666667,43.554563480766056,29.485024447447422,4328.0
1985-04-01,129841,4328,1985,4,2,91,14,4321.0,4274.0,4243.0,4279.333333333333,4285.333333333333,39.27255190757819,33.49427811830828,4301.0
1985-05-01,133330,4301,1985,5,2,121,18,4328.0,4321.0,4274.0,4307.666666666667,4296.166666666667,29.365512652317634,35.28975299809593,4263.0
1985-06-01,127897,4263,1985,6,2,152,22,4301.0,4328.0,4321.0,4316.666666666667,4299.333333333333,14.011899704658996,34.61021043950227,4249.0
1985-07-01,131713,4249,1985,7,3,182,27,4263.0,4301.0,4328.0,4297.333333333333,4288.333333333333,32.65475973473723,33.77375707063995,4086.0
1985-08-01,126661,4086,1985,8,3,213,31,4249.0,4263.0,4301.0,4271.0,4289.333333333333,26.907248094148827,32.21593808453518,4171.0
1985-09-01,125138,4171,1985,9,3,244,35,4086.0,4249.0,4263.0,4199.333333333333,4258.0,98.39884823174194,89.89771965962132,4155.0
1985-10-01,128799,4155,1985,10,4,274,40,4171.0,4086.0,4249.0,4168.666666666667,4233.0,81.52504727587325,89.73070823302248,4194.0
1985-11-01,125817,4194,1985,11,4,305,44,4155.0,4171.0,4086.0,4137.333333333333,4204.166666666667,45.17004907384307,80.40999108734201,4275.0
1985-12-01,132526,4275,1985,12,4,335,48,4194.0,4155.0,4171.0,4173.333333333333,4186.333333333333,19.60442127004537,65.0343498980838,4314.0
1986-01-01,133735,4314,1986,1,1,1,1,4275.0,4194.0,4155.0,4208.0,4188.333333333333,61.212743771212175,67.98136999698075,4333.0
1986-02-01,121334,4333,1986,2,1,32,5,4314.0,4275.0,4194.0,4261.0,4199.166666666667,61.212743771212175,83.08409394502903,4280.0
1986-03-01,132673,4280,1986,3,1,60,9,4333.0,4314.0,4275.0,4307.333333333333,4240.333333333333,29.569128044861483,76.74807272281475,4202.0
1986-04-01,126049,4202,1986,4,2,91,14,4280.0,4333.0,4314.0,4309.0,4258.5,26.851443164196738,69.62399011834789,4156.0
1986-05-01,128826,4156,1986,5,2,121,18,4202.0,4280.0,4333.0,4271.666666666667,4266.333333333333,65.89638330996199,57.18274798106915,4022.0
1986-06-01,120645,4022,1986,6,2,152,22,4156.0,4202.0,4280.0,4212.666666666667,4260.0,62.684394655555735,67.89698078707019,4067.0
1986-07-01,126077,4067,1986,7,3,182,27,4022.0,4156.0,4202.0,4126.666666666667,4217.833333333333,93.51648695996606,117.30373679753919,3977.0
1986-08-01,123293,3977,1986,8,3,213,31,4067.0,4022.0,4156.0,4081.6666666666665,4176.666666666667,68.19335255971467,120.11272483240991,3960.0
1986-09-01,118788,3960,1986,9,3,244,36,3977.0,4067.0,4022.0,4022.0,4117.333333333333,45.000000000003006,115.2730092721881,3904.0
1986-10-01,121033,3904,1986,10,4,274,40,3960.0,3977.0,4067.0,4001.3333333333335,4064.0,57.50072463311781,97.63810731471101,3965.0
1986-11-01,118962,3965,1986,11,4,305,44,3904.0,3960.0,3977.0,3947.0,4014.3333333333335,38.19685850957382,88.79339314760658,3965.0
1986-12-01,122908,3965,1986,12,4,335,49,3965.0,3904.0,3960.0,3943.0,3982.5,33.86738844375823,56.04551721590756,3918.0
1987-01-01,121473,3918,1987,1,1,1,1,3965.0,3965.0,3904.0,3944.6666666666665,3973.0,35.21836642057287,52.74466797694851,3946.0
1987-02-01,110488,3946,1987,2,1,32,5,3918.0,3965.0,3965.0,3949.3333333333335,3948.1666666666665,27.135462651919564,29.6608608550909,3935.0
1987-03-01,121984,3935,1987,3,1,60,9,3946.0,3918.0,3965.0,3943.0,3943.0,23.643180835082237,26.12278698757784,3901.0
1987-04-01,117022,3901,1987,4,2,91,14,3935.0,3946.0,3918.0,3933.0,3938.8333333333335,14.106735979680629,24.830760493086103,3814.0
1987-05-01,118236,3814,1987,5,2,121,18,3901.0,3935.0,3946.0,3927.3333333333335,3938.3333333333335,23.459184413226332,25.68787002974366,3777.0
1987-06-01,113321,3777,1987,6,2,152,23,3814.0,3901.0,3935.0,3883.3333333333335,3913.1666666666665,62.40459384800001,53.379459220423435,3775.0
1987-07-01,117022,3775,1987,7,3,182,27,3777.0,3814.0,3901.0,3830.6666666666665,3881.8333333333335,63.65794006511633,69.5856786031771,3759.0
1987-08-01,116514,3759,1987,8,3,213,31,3775.0,3777.0,3814.0,3788.6666666666665,3858.0,21.962088546721336,78.62315180656292,3778.0
1987-09-01,113340,3778,1987,9,3,244,36,3759.0,3775.0,3777.0,3770.3333333333335,3826.8333333333335,9.865765724669567,73.67066354163174,3799.0
1987-10-01,117779,3799,1987,10,4,274,40,3778.0,3759.0,3775.0,3770.6666666666665,3800.6666666666665,10.214368964065445,52.37047514262356,3784.0
1987-11-01,113514,3784,1987,11,4,305,44,3799.0,3778.0,3759.0,3778.6666666666665,3783.6666666666665,20.00833159796306,19.572088970369382,3745.0
1987-12-01,116081,3745,1987,12,4,335,49,3784.0,3799.0,3778.0,3787.0,3778.6666666666665,10.816653826424137,13.002563849642355,3747.0
1988-01-01,116160,3747,1988,1,1,1,53,3745.0,3784.0,3799.0,3776.0,3773.3333333333335,27.874719729545507,19.001754304905592,3750.0
1988-02-01,108759,3750,1988,2,1,32,5,3747.0,3745.0,3784.0,3758.6666666666665,3768.6666666666665,21.96208854672244,21.75009578516775,3748.0
1988-03-01,116190,3748,1988,3,1,61,9,3750.0,3747.0,3745.0,3747.3333333333335,3767.1666666666665,2.516611478576017,22.833454987451272,3715.0
1988-04-01,111459,3715,1988,4,2,92,13,3748.0,3750.0,3747.0,3748.3333333333335,3762.1666666666665,1.5275252319024877,23.267287479720004,3684.0
1988-05-01,114210,3684,1988,5,2,122,17,3715.0,3748.0,3750.0,3737.6666666666665,3748.1666666666665,19.655363983760786,21.903576572419684,3656.0
1988-06-01,109677,3656,1988,6,2,153,22,3684.0,3715.0,3748.0,3715.6666666666665,3731.5,32.005207909560056,26.703932294647046,3618.0
1988-07-01,112170,3618,1988,7,3,183,26,3656.0,3684.0,3715.0,3685.0,3716.6666666666665,29.512709126762463,39.40389151674852,3598.0
1988-08-01,111532,3598,1988,8,3,214,31,3618.0,3656.0,3684.0,3652.6666666666665,3695.1666666666665,33.12602199682723,52.54490143356998,3429.0
1988-09-01,102858,3429,1988,9,3,245,35,3598.0,3618.0,3656.0,3624.0,3669.8333333333335,29.46183972532945,57.25178308719703,3587.0
1988-10-01,111198,3587,1988,10,4,275,39,3429.0,3598.0,3618.0,3548.3333333333335,3616.6666666666665,103.82838404470363,101.31074309599748,3605.0
1988-11-01,108138,3605,1988,11,4,306,44,3587.0,3429.0,3598.0,3538.0,3595.3333333333335,94.55686120002693,89.21808486323332,3574.0
1988-12-01,110800,3574,1988,12,4,336,48,3605.0,3587.0,3429.0,3540.3333333333335,3582.1666666666665,96.83663218707309,78.7284362010515,3588.0
1989-01-01,111222,3588,1989,1,1,1,52,3574.0,3605.0,3587.0,3588.6666666666665,3568.5,15.567059238481566,69.97928264848325,3507.0
1989-02-01,98200,3507,1989,2,1,32,5,3588.0,3574.0,3605.0,3589.0,3563.5,15.524174696294164,66.73155175774264,3516.0
1989-03-01,109001,3516,1989,3,1,60,9,3507.0,3588.0,3574.0,3556.3333333333335,3548.3333333333335,43.293571501256984,67.65697795987403,3517.0
1989-04-01,105520,3517,1989,4,2,91,13,3516.0,3507.0,3588.0,3537.0,3562.8333333333335,44.395945760859185,41.06295978936434,3485.0
1989-05-01,108023,3485,1989,5,2,121,18,3517.0,3516.0,3507.0,3513.3333333333335,3551.1666666666665,5.507570547393922,42.733671345472864,3439.0
1989-06-01,103160,3439,1989,6,2,152,22,3485.0,3517.0,3516.0,3506.0,3531.1666666666665,18.19340539869319,40.5236556428806,3407.0
1989-07-01,105632,3407,1989,7,3,182,26,3439.0,3485.0,3517.0,3480.3333333333335,3508.6666666666665,39.208842540102836,48.64839839771336,3370.0
1989-08-01,104478,3370,1989,8,3,213,31,3407.0,3439.0,3485.0,3443.6666666666665,3478.5,39.20884254010374,45.64099034854294,3370.0
1989-09-01,101085,3370,1989,9,3,244,35,3370.0,3407.0,3439.0,3405.3333333333335,3455.6666666666665,34.53018003623386,60.41081580861411,3275.0
1989-10-01,101511,3275,1989,10,4,274,39,3370.0,3370.0,3407.0,3382.3333333333335,3431.3333333333335,21.361959960049663,60.65201288219659,3337.0
1989-11-01,100098,3337,1989,11,4,305,44,3275.0,3370.0,3370.0,3338.3333333333335,3391.0,54.84827557302823,71.74120155109782,3214.0
1989-12-01,99649,3214,1989,12,4,335,48,3337.0,3275.0,3370.0,3327.3333333333335,3366.3333333333335,48.232077845919775,56.856544624711105,3374.0
1990-01-01,104602,3374,1990,1,1,1,1,3214.0,3337.0,3275.0,3275.3333333333335,3328.8333333333335,61.500677503056494,71.62518179147287,3401.0
1990-02-01,95225,3401,1990,2,1,32,5,3374.0,3214.0,3337.0,3308.3333333333335,3323.3333333333335,83.7635561168155,65.42068989747436,3348.0
1990-03-01,103793,3348,1990,3,1,60,9,3401.0,3374.0,3214.0,3329.6666666666665,3328.5,101.07587908761839,70.84278368327202,3354.0
1990-04-01,100624,3354,1990,4,2,91,13,3348.0,3401.0,3374.0,3374.3333333333335,3324.8333333333335,26.501572280428153,68.80528080504807,3310.0
1990-05-01,102615,3310,1990,5,2,121,18,3354.0,3348.0,3401.0,3367.6666666666665,3338.0,29.022979401411764,64.80432084355905,3280.0
1990-06-01,98409,3280,1990,6,2,152,22,3310.0,3354.0,3348.0,3337.3333333333335,3333.5,23.86070689092908,65.81717101178774,3282.0
1990-07-01,101738,3282,1990,7,3,182,26,3280.0,3310.0,3354.0,3314.6666666666665,3344.5,37.22006627257501,43.62453438141182,3316.0
1990-08-01,102782,3316,1990,8,3,213,31,3282.0,3280.0,3310.0,3290.6666666666665,3329.1666666666665,16.77299416725961,47.20346032508154,3306.0
1990-09-01,99191,3306,1990,9,3,244,35,3316.0,3282.0,3280.0,3292.6666666666665,3315.0,20.23198787403059,31.464265445021624,3388.0
1990-10-01,105043,3388,1990,10,4,274,40,3306.0,3316.0,3282.0,3301.3333333333335,3308.0,17.473789896153143,27.011108825717194,3378.0
1990-11-01,101341,3378,1990,11,4,305,44,3388.0,3306.0,3316.0,3336.6666666666665,3313.6666666666665,44.73626418617041,39.342936680698415,3345.0
1990-12-01,103708,3345,1990,12,4,335,48,3378.0,3388.0,3306.0,3357.3333333333335,3325.0,44.73626418616997,47.104139945389676,3451.0
1991-01-01,106978,3451,1991,1,1,1,1,3345.0,3378.0,3388.0,3370.3333333333335,3335.8333333333335,22.50185177568215,41.8684447604827,3477.0
1991-02-01,97369,3477,1991,2,1,32,5,3451.0,3345.0,3378.0,3391.3333333333335,3364.0,54.24327915359406,53.60970061467521,3455.0
1991-03-01,107107,3455,1991,3,1,60,9,3477.0,3451.0,3345.0,3424.3333333333335,3390.8333333333335,69.92376801442177,64.0544039599304,3478.0
1991-04-01,104338,3478,1991,4,2,91,14,3455.0,3477.0,3451.0,3461.0,3415.6666666666665,14.000000000045386,52.41246671033616,3433.0
1991-05-01,106413,3433,1991,5,2,121,18,3478.0,3455.0,3477.0,3470.0,3430.6666666666665,13.000000000048326,55.687221753847474,3381.0
1991-06-01,101426,3381,1991,6,2,152,22,3433.0,3478.0,3455.0,3455.3333333333335,3439.8333333333335,22.501851775678723,49.46278061999989,3362.0
1991-07-01,104229,3362,1991,7,3,182,27,3381.0,3433.0,3478.0,3430.6666666666665,3445.8333333333335,48.5420779667977,36.01342342324974,3378.0
1991-08-01,104720,3378,1991,8,3,213,31,3362.0,3381.0,3433.0,3392.0,3431.0,36.75595189899733,49.32747712984634,3403.0
1991-09-01,102079,3403,1991,9,3,244,35,3378.0,3362.0,3381.0,3373.6666666666665,3414.5,10.214368964099878,47.382486215851976,3408.0
1991-10-01,105650,3408,1991,10,4,274,40,3403.0,3378.0,3362.0,3381.0,3405.8333333333335,20.66397831980627,43.050745250947905,3385.0
1991-11-01,101539,3385,1991,11,4,305,44,3408.0,3403.0,3378.0,3396.3333333333335,3394.1666666666665,16.072751268365074,25.482673852285227,3419.0
1991-12-01,106000,3419,1991,12,4,335,48,3385.0,3408.0,3403.0,3398.6666666666665,3386.1666666666665,12.096831541140366,16.96368670607581,3426.0
1992-01-01,106196,3426,1992,1,1,1,1,3419.0,3385.0,3408.0,3404.0,3392.5,17.34935157293746,21.21084628192054,3421.0
1992-02-01,99221,3421,1992,2,1,32,5,3426.0,3419.0,3385.0,3410.0,3403.1666666666665,21.931712199492726,18.75544365409651,3413.0
1992-03-01,105808,3413,1992,3,1,61,9,3421.0,3426.0,3419.0,3422.0,3410.3333333333335,3.605551275652435,15.068731421789664,3383.0
1992-04-01,101477,3383,1992,4,2,92,14,3413.0,3421.0,3426.0,3420.0,3412.0,6.557438524405859,14.642404174020557,3350.0
1992-05-01,103837,3350,1992,5,2,122,18,3383.0,3413.0,3421.0,3405.6666666666665,3407.8333333333335,20.033305601790317,18.935856639244275,3334.0
1992-06-01,100033,3334,1992,6,2,153,23,3350.0,3383.0,3413.0,3382.0,3402.0,31.51190251320017,29.70521839669432,3335.0
1992-07-01,103399,3335,1992,7,3,183,27,3334.0,3350.0,3383.0,3355.6666666666665,3387.8333333333335,24.98666310924313,38.840271197069185,3182.0
1992-08-01,98631,3182,1992,8,3,214,31,3335.0,3334.0,3350.0,3339.6666666666665,3372.6666666666665,8.962886439916781,38.72294754614882,3214.0
1992-09-01,96415,3214,1992,9,3,245,36,3182.0,3335.0,3334.0,3283.6666666666665,3332.8333333333335,88.04733575375782,79.99354140592588,3325.0
1992-10-01,103081,3325,1992,10,4,275,40,3214.0,3182.0,3335.0,3243.6666666666665,3299.6666666666665,80.6990293208973,81.35027146028102,3286.0
1992-11-01,98569,3286,1992,11,4,306,44,3325.0,3214.0,3182.0,3240.3333333333335,3290.0,75.04887296512226,72.42375300959418,3303.0
1992-12-01,102379,3303,1992,12,4,336,49,3286.0,3325.0,3214.0,3275.0,3279.3333333333335,56.31163290121911,66.27116014271458,3282.0
1993-01-01,101727,3282,1993,1,1,1,53,3303.0,3286.0,3325.0,3304.6666666666665,3274.1666666666665,19.553345834791266,62.242804135589004,3289.0
1993-02-01,92080,3289,1993,2,1,32,5,3282.0,3303.0,3286.0,3290.3333333333335,3265.3333333333335,11.150485789192205,55.25094267667516,3263.0
1993-03-01,101162,3263,1993,3,1,60,9,3289.0,3282.0,3303.0,3291.3333333333335,3283.1666666666665,10.692676621640416,37.3385413033415,3250.0
1993-04-01,97486,3250,1993,4,2,91,13,3263.0,3289.0,3282.0,3278.0,3291.3333333333335,13.453624047135579,20.944370763080645,3239.0
1993-05-01,100422,3239,1993,5,2,121,17,3250.0,3263.0,3289.0,3267.3333333333335,3278.8333333333335,19.8578280115177,19.13548187690412,3230.0
1993-06-01,96904,3230,1993,6,2,152,22,3239.0,3250.0,3263.0,3250.6666666666665,3271.0,12.01388086069812,24.486731100631165,3193.0
1993-07-01,98984,3193,1993,7,3,182,26,3230.0,3239.0,3250.0,3239.6666666666665,3258.8333333333335,10.016652800964556,23.523746866968658,3198.0
1993-08-01,99137,3198,1993,8,3,213,30,3193.0,3230.0,3239.0,3220.6666666666665,3244.0,24.378952671005166,32.38518179653281,3200.0
1993-09-01,96003,3200,1993,9,3,244,35,3198.0,3193.0,3230.0,3207.0,3228.8333333333335,20.074859899929624,28.124129616062383,3200.0
1993-10-01,99206,3200,1993,10,4,274,39,3200.0,3198.0,3193.0,3197.0,3218.3333333333335,3.605551275716159,24.320087719024,3214.0
1993-11-01,96412,3214,1993,11,4,305,44,3200.0,3200.0,3198.0,3199.3333333333335,3210.0,1.15470053916501,19.35975206438117,3195.0
1993-12-01,99043,3195,1993,12,4,335,48,3214.0,3200.0,3200.0,3204.6666666666665,3205.8333333333335,8.082903768766347,13.74651470958929,3201.0
1994-01-01,99229,3201,1994,1,1,1,52,3195.0,3214.0,3200.0,3203.0,3200.0,9.848857801887764,7.402702208940411,3187.0
1994-02-01,89228,3187,1994,2,1,32,5,3201.0,3195.0,3214.0,3203.3333333333335,3201.3333333333335,9.712534856315242,6.562519840802495,3190.0
1994-03-01,98879,3190,1994,3,1,60,9,3187.0,3201.0,3195.0,3194.3333333333335,3199.5,7.023769168698164,8.826097665120628,3154.0
1994-04-01,94628,3154,1994,4,2,91,13,3190.0,3187.0,3201.0,3192.6666666666665,3197.8333333333335,7.371114795955781,9.621157241252433,3133.0
1994-05-01,97116,3133,1994,5,2,121,17,3154.0,3190.0,3187.0,3177.0,3190.1666666666665,19.97498435548453,20.13371964294869,3120.0
1994-06-01,93598,3120,1994,6,2,152,22,3133.0,3154.0,3190.0,3159.0,3176.6666666666665,28.827070610831765,26.956755492098395,3070.0
1994-07-01,95165,3070,1994,7,3,182,26,3120.0,3133.0,3154.0,3135.6666666666665,3164.1666666666665,17.156145643333016,33.37913519941322,3101.0
1994-08-01,96129,3101,1994,8,3,213,31,3070.0,3120.0,3133.0,3107.6666666666665,3142.3333333333335,33.26158945894366,45.21356728528037,3121.0
1994-09-01,93626,3121,1994,9,3,244,35,3101.0,3070.0,3120.0,3097.0,3128.0,25.238858928287573,41.718101586647236,3089.0
1994-10-01,95767,3089,1994,10,4,274,39,3121.0,3101.0,3070.0,3097.3333333333335,3116.5,25.69695182964959,28.682747427569478,3134.0
1994-11-01,94026,3134,1994,11,4,305,44,3089.0,3121.0,3101.0,3103.6666666666665,3105.6666666666665,16.16580753737102,23.491842555669006,3146.0
1994-12-01,97534,3146,1994,12,4,335,48,3134.0,3089.0,3121.0,3114.6666666666665,3105.8333333333335,23.15887159028477,23.726918608625592,3143.0
1995-01-01,97435,3143,1995,1,1,1,52,3146.0,3134.0,3089.0,3123.0,3110.1666666666665,30.04995840266595,28.687395606091002,3165.0
1995-02-01,88631,3165,1995,2,1,32,5,3143.0,3146.0,3134.0,3141.0,3122.3333333333335,6.244997998552553,23.20057470539126,3113.0
1995-03-01,96510,3113,1995,3,1,60,9,3165.0,3143.0,3146.0,3151.3333333333335,3133.0,11.930353445528793,25.976912826466567,3136.0
1995-04-01,94089,3136,1995,4,2,91,13,3113.0,3165.0,3143.0,3140.3333333333335,3131.6666666666665,26.10236260063944,26.904770332796055,3167.0
1995-05-01,98167,3167,1995,5,2,121,18,3136.0,3113.0,3165.0,3138.0,3139.5,26.057628441627827,17.02645001149335,3131.0
1995-06-01,93931,3131,1995,6,2,152,22,3167.0,3136.0,3113.0,3138.6666666666665,3145.0,27.098585448972376,19.969977466034166,3131.0
1995-07-01,97064,3131,1995,7,3,182,26,3131.0,3167.0,3136.0,3144.6666666666665,3142.5,19.502136635129112,20.74367373427135,3065.0
1995-08-01,95006,3065,1995,8,3,213,31,3131.0,3131.0,3167.0,3143.0,3140.5,20.784609690872532,21.257939693062646,3103.0
1995-09-01,93103,3103,1995,9,3,244,35,3065.0,3131.0,3131.0,3109.0,3123.8333333333335,38.105117766541106,33.742653521329125,3003.0
1995-10-01,93104,3003,1995,10,4,274,39,3103.0,3065.0,3131.0,3099.6666666666665,3122.1666666666665,33.126021996842816,34.62032158516808,3159.0
1995-11-01,94759,3159,1995,11,4,305,44,3003.0,3103.0,3065.0,3057.0,3100.0,50.477717856516215,58.402054758318634,3133.0
1995-12-01,97109,3133,1995,12,4,335,48,3159.0,3003.0,3103.0,3088.3333333333335,3098.6666666666665,79.02742140127901,56.63096914816404,3145.0
1996-01-01,97493,3145,1996,1,1,1,1,3133.0,3159.0,3003.0,3098.3333333333335,3099.0,83.57830659528412,56.864751823899155,3166.0
1996-02-01,91811,3166,1996,2,1,32,5,3145.0,3133.0,3159.0,3145.6666666666665,3101.3333333333335,13.012814197368172,58.69809764089738,3197.0
1996-03-01,99092,3197,1996,3,1,61,9,3166.0,3145.0,3133.0,3148.0,3118.1666666666665,16.703293088546722,60.64459305379527,3147.0
1996-04-01,94403,3147,1996,4,2,92,14,3197.0,3166.0,3145.0,3169.3333333333335,3133.8333333333335,26.1597655443467,67.67692861426664,3150.0
1996-05-01,97639,3150,1996,5,2,122,18,3147.0,3197.0,3166.0,3170.0,3157.8333333333335,25.23885892828461,22.364406244314125,3129.0
1996-06-01,93860,3129,1996,6,2,153,22,3150.0,3147.0,3197.0,3164.6666666666665,3156.3333333333335,28.041635710764037,22.57136829394057,3125.0
1996-07-01,96868,3125,1996,7,3,183,27,3129.0,3150.0,3147.0,3142.0,3155.6666666666665,11.357816691684498,23.440705336245788,3141.0
1996-08-01,97368,3141,1996,8,3,214,31,3125.0,3129.0,3150.0,3134.6666666666665,3152.3333333333335,13.428824719060643,26.485216001774987,3167.0
1996-09-01,95010,3167,1996,9,3,245,35,3141.0,3125.0,3129.0,3131.6666666666665,3148.1666666666665,8.32666399798024,25.86438993405115,3203.0
1996-10-01,99291,3203,1996,10,4,275,40,3167.0,3141.0,3125.0,3144.3333333333335,3143.1666666666665,21.197484127491094,15.263245613584498,3199.0
1996-11-01,95973,3199,1996,11,4,306,44,3203.0,3167.0,3141.0,3170.3333333333335,3152.5,31.13411847692479,29.008619408617374,3226.0
1996-12-01,99994,3226,1996,12,4,336,48,3199.0,3203.0,3167.0,3189.6666666666665,3160.6666666666665,19.73153144931111,34.535006394392596,3166.0
1997-01-01,98140,3166,1997,1,1,1,1,3226.0,3199.0,3203.0,3209.3333333333335,3176.8333333333335,14.571661996324064,39.14290059079492,3259.0
1997-02-01,91244,3259,1997,2,1,32,5,3166.0,3226.0,3199.0,3197.0,3183.6666666666665,30.0499584026634,31.02042337978164,3233.0
1997-03-01,100219,3233,1997,3,1,60,9,3259.0,3166.0,3226.0,3217.0,3203.3333333333335,47.148700936523895,35.6239619731025,3249.0
1997-04-01,97478,3249,1997,4,2,91,14,3233.0,3259.0,3166.0,3219.3333333333335,3214.3333333333335,47.98263574810264,32.18488257957661,3266.0
1997-05-01,101239,3266,1997,5,2,121,18,3249.0,3233.0,3259.0,3247.0,3222.0,13.114877048669337,34.35112807455564,3284.0
1997-06-01,98529,3284,1997,6,2,152,22,3266.0,3249.0,3233.0,3249.3333333333335,3233.1666666666665,16.50252505936717,36.218319489745475,3270.0
1997-07-01,101364,3270,1997,7,3,182,27,3284.0,3266.0,3249.0,3266.3333333333335,3242.8333333333335,17.502380790481347,41.30577037971036,3266.0
1997-08-01,101243,3266,1997,8,3,213,31,3270.0,3284.0,3266.0,3273.3333333333335,3260.1666666666665,9.451631252593266,17.679555047045266,3319.0
1997-09-01,99581,3319,1997,9,3,244,36,3266.0,3270.0,3284.0,3273.3333333333335,3261.3333333333335,9.451631252593266,17.817594300620758,3338.0
1997-10-01,103477,3338,1997,10,4,274,40,3319.0,3266.0,3270.0,3285.0,3275.6666666666665,29.512709126775317,23.988886315576018,3353.0
1997-11-01,100594,3353,1997,11,4,305,44,3338.0,3319.0,3266.0,3307.6666666666665,3290.5,37.3139830805415,30.761989532458514,3352.0
1997-12-01,103910,3352,1997,12,4,335,49,3353.0,3338.0,3319.0,3336.6666666666665,3305.0,17.03917055888807,36.81304116743434,3434.0
1998-01-01,106453,3434,1998,1,1,1,1,3352.0,3353.0,3338.0,3347.6666666666665,3316.3333333333335,8.386497083696835,39.4292615535972,3414.0
1998-02-01,95592,3414,1998,2,1,32,5,3434.0,3352.0,3353.0,3379.6666666666665,3343.6666666666665,47.05670338362846,54.7527777072744,3406.0
1998-03-01,105573,3406,1998,3,1,60,9,3414.0,3434.0,3352.0,3400.0,3368.3333333333335,42.75511665288048,45.28428719393067,3444.0
1998-04-01,103313,3444,1998,4,2,91,14,3406.0,3414.0,3434.0,3418.0,3382.8333333333335,14.42220510190413,39.942041343207556,3374.0
1998-05-01,104584,3374,1998,5,2,121,18,3444.0,3406.0,3414.0,3421.3333333333335,3400.5,20.033305601790108,39.58661389909419,3343.0
1998-06-01,100303,3343,1998,6,2,152,23,3374.0,3444.0,3406.0,3408.0,3404.0,35.042830935890464,35.23634487281534,3253.0
1998-07-01,100838,3253,1998,7,3,182,27,3343.0,3374.0,3444.0,3387.0,3402.5,51.73973328111999,37.9776249915127,3294.0
1998-08-01,102100,3294,1998,8,3,213,31,3253.0,3343.0,3374.0,3323.3333333333335,3372.3333333333335,62.85167725156488,67.98431191578265,2942.0
1998-09-01,88266,2942,1998,9,3,244,36,3294.0,3253.0,3343.0,3296.6666666666665,3352.3333333333335,45.059220292132515,70.86513011814966,3217.0
1998-10-01,99720,3217,1998,10,4,274,40,2942.0,3294.0,3253.0,3163.0,3275.0,192.48636315334605,175.90906741835406,3223.0
1998-11-01,96692,3223,1998,11,4,305,44,3217.0,2942.0,3294.0,3151.0,3237.1666666666665,185.04864225387288,155.52159549934348,3180.0
1998-12-01,98588,3180,1998,12,4,335,49,3223.0,3217.0,2942.0,3127.3333333333335,3212.0,160.53140918005798,140.43646250171122,3137.0
1999-01-01,97240,3137,1999,1,1,1,53,3180.0,3223.0,3217.0,3206.6666666666665,3184.8333333333335,23.28805129964841,124.93745101714299,3167.0
1999-02-01,88682,3167,1999,2,1,32,5,3137.0,3180.0,3223.0,3180.0,3165.5,43.000000000020556,121.19859735159558,3095.0
1999-03-01,95934,3095,1999,3,1,60,9,3167.0,3137.0,3180.0,3161.3333333333335,3144.3333333333335,22.052966542738186,104.16077316658462,3174.0
1999-04-01,95211,3174,1999,4,2,91,13,3095.0,3167.0,3137.0,3133.0,3169.8333333333335,36.16628264007574,48.66381270164591,3162.0
1999-05-01,98015,3162,1999,5,2,121,17,3174.0,3095.0,3167.0,3145.3333333333335,3162.6666666666665,43.73023363000882,43.18641761782079,3164.0
1999-06-01,94927,3164,1999,6,2,152,22,3162.0,3174.0,3095.0,3143.6666666666665,3152.5,42.5715084691059,31.82923184737713,3190.0
1999-07-01,98896,3190,1999,7,3,182,26,3164.0,3162.0,3174.0,3166.6666666666665,3149.8333333333335,6.429100507466671,29.660860855017937,3152.0
1999-08-01,97707,3152,1999,8,3,213,30,3190.0,3164.0,3162.0,3172.0,3158.6666666666665,15.620499351869903,32.800406501456486,3218.0
1999-09-01,96540,3218,1999,9,3,244,35,3152.0,3190.0,3164.0,3168.6666666666665,3156.1666666666665,19.425069712490366,32.609303375889134,3243.0
1999-10-01,100521,3243,1999,10,4,274,39,3218.0,3152.0,3190.0,3186.6666666666665,3176.6666666666665,33.12602199683919,23.98888631556075,3287.0
1999-11-01,98621,3287,1999,11,4,305,44,3243.0,3218.0,3152.0,3204.3333333333335,3188.1666666666665,47.01418225743208,35.991202628711434,3278.0
1999-12-01,101616,3278,1999,12,4,335,48,3287.0,3243.0,3218.0,3249.3333333333335,3209.0,34.93326972006715,50.903830897039846,3141.0
2000-01-01,97380,3141,2000,1,1,1,52,3278.0,3287.0,3243.0,3269.3333333333335,3228.0,23.245071162182402,52.01153718161531,3183.0
2000-02-01,92304,3183,2000,2,1,32,5,3141.0,3278.0,3287.0,3235.3333333333335,3219.8333333333335,81.81890572071339,62.04971125364862,3250.0
2000-03-01,100736,3250,2000,3,1,61,9,3183.0,3141.0,3278.0,3200.6666666666665,3225.0,70.18784320190393,56.29564814436842,3205.0
2000-04-01,96156,3205,2000,4,2,92,13,3250.0,3183.0,3141.0,3191.3333333333335,3230.3333333333335,54.97575223073421,57.0111100283202,3228.0
2000-05-01,100057,3228,2000,5,2,122,18,3205.0,3250.0,3183.0,3212.6666666666665,3224.0,34.15162270427335,57.43169856442108,3245.0
2000-06-01,97341,3245,2000,6,2,153,22,3228.0,3205.0,3250.0,3227.6666666666665,3214.1666666666665,22.501851775687445,48.905691556925454,3196.0
2000-07-01,99064,3196,2000,7,3,183,26,3245.0,3228.0,3205.0,3226.0,3208.6666666666665,20.07485989992664,41.601282031460244,3228.0
2000-08-01,100075,3228,2000,8,3,214,31,3196.0,3245.0,3228.0,3223.0,3217.8333333333335,24.879710609283368,27.3160514471098,3222.0
2000-09-01,96667,3222,2000,9,3,245,35,3228.0,3196.0,3245.0,3223.0,3225.3333333333335,24.879710609283368,21.369760566304784,3222.0
2000-10-01,99884,3222,2000,10,4,275,39,3222.0,3228.0,3196.0,3215.3333333333335,3220.6666666666665,17.009801096280704,17.637082147032316,3220.0
2000-11-01,96612,3220,2000,11,4,306,44,3222.0,3222.0,3228.0,3224.0,3223.5,3.464101615380661,15.896540503974945,3240.0
2000-12-01,100447,3240,2000,12,4,336,48,3220.0,3222.0,3222.0,3221.3333333333335,3222.1666666666665,1.1547005391098748,15.778677595450572,3248.0
2001-01-01,100698,3248,2001,1,1,1,1,3240.0,3220.0,3222.0,3227.3333333333335,3221.3333333333335,11.0151410946483,14.40370322733591,3215.0
2001-02-01,90028,3215,2001,2,1,32,5,3248.0,3240.0,3220.0,3236.0,3230.0,14.422205101913576,11.454256850383377,3262.0
2001-03-01,101127,3262,2001,3,1,60,9,3215.0,3248.0,3240.0,3234.3333333333335,3227.8333333333335,17.214335111615558,13.029453812850631,3287.0
2001-04-01,98598,3287,2001,4,2,91,13,3262.0,3215.0,3248.0,3241.6666666666665,3234.5,24.1315837303519,18.52295872679589,3302.0
2001-05-01,102356,3302,2001,5,2,121,18,3287.0,3262.0,3215.0,3254.6666666666665,3245.3333333333335,36.555893277759715,26.875019379738486,3265.0
2001-06-01,97945,3265,2001,6,2,152,22,3302.0,3287.0,3262.0,3283.6666666666665,3259.0,20.20725942167563,31.811947441091036,3273.0
2001-07-01,101449,3273,2001,7,3,182,26,3265.0,3302.0,3287.0,3284.6666666666665,3263.1666666666665,18.610033136319142,30.43298648935778,3239.0
2001-08-01,100403,3239,2001,8,3,213,31,3273.0,3265.0,3302.0,3280.0,3267.3333333333335,19.467922333972137,29.642312100466484,3263.0
2001-09-01,97885,3263,2001,9,3,244,35,3239.0,3273.0,3265.0,3259.0,3271.3333333333335,17.776388834676307,21.731697279814345,3295.0
2001-10-01,102141,3295,2001,10,4,274,40,3263.0,3239.0,3273.0,3258.3333333333335,3271.5,17.473789896154138,21.649480363159398,3298.0
2001-11-01,98928,3298,2001,11,4,305,44,3295.0,3263.0,3239.0,3265.6666666666665,3272.8333333333335,28.09507667430224,22.999275350791013,3300.0
2001-12-01,102286,3300,2001,12,4,335,48,3298.0,3295.0,3263.0,3285.3333333333335,3272.1666666666665,19.39931270264189,22.021958738075426,3277.0
2002-01-01,101582,3277,2002,1,1,1,1,3300.0,3298.0,3295.0,3297.6666666666665,3278.0,2.516611478726953,24.265201420859448,3289.0
2002-02-01,92098,3289,2002,2,1,32,5,3277.0,3300.0,3298.0,3291.6666666666665,3278.6666666666665,12.741009902471331,24.155054681402646,3272.0
2002-03-01,101435,3272,2002,3,1,60,9,3289.0,3277.0,3300.0,3288.6666666666665,3287.0,11.5036226178921,14.38054240962286,3267.0
2002-04-01,98010,3267,2002,4,2,91,14,3272.0,3289.0,3277.0,3279.3333333333335,3288.5,8.736894948143588,11.571516754296939,3339.0
2002-05-01,103506,3339,2002,5,2,121,18,3267.0,3272.0,3289.0,3276.0,3283.8333333333335,11.532562594738806,13.847984209320927,3315.0
2002-06-01,99446,3315,2002,6,2,152,22,3339.0,3267.0,3272.0,3292.6666666666665,3290.6666666666665,40.2036482590183,26.53802303604503,3269.0
2002-07-01,101350,3269,2002,7,3,182,27,3315.0,3339.0,3267.0,3307.0,3293.1666666666665,36.66060555966724,28.244763526389743,3274.0
2002-08-01,101500,3274,2002,8,3,213,31,3269.0,3315.0,3339.0,3307.6666666666665,3291.8333333333335,35.57152419189885,29.32859810256305,2977.0
2002-09-01,89318,2977,2002,9,3,244,35,3274.0,3269.0,3315.0,3286.0,3289.3333333333335,25.238858928278702,30.243456592486982,2829.0
2002-10-01,87704,2829,2002,10,4,274,40,2977.0,3274.0,3269.0,3173.3333333333335,3240.1666666666665,170.04803243006103,132.152058881658,3157.0
2002-11-01,94715,3157,2002,11,4,305,44,2829.0,2977.0,3274.0,3026.6666666666665,3167.1666666666665,226.61935780805527,211.51115021828176,3183.0
2002-12-01,98674,3183,2002,12,4,335,48,3157.0,2829.0,2977.0,2987.6666666666665,3136.8333333333335,164.2599565729136,194.2888742740054,3219.0
2003-01-01,99796,3219,2003,1,1,1,1,3183.0,3157.0,2829.0,3056.3333333333335,3114.8333333333335,197.30517817162158,176.7624583067912,3242.0
2003-02-01,90762,3242,2003,2,1,32,5,3219.0,3183.0,3157.0,3186.3333333333335,3106.5,31.134118476923362,169.0511756835585,3255.0
2003-03-01,100894,3255,2003,3,1,60,9,3242.0,3219.0,3183.0,3214.6666666666665,3101.1666666666665,29.737742572950054,163.11028988589283,3216.0
2003-04-01,96480,3216,2003,4,2,91,14,3255.0,3242.0,3219.0,3238.6666666666665,3147.5,18.230011885212722,160.24450068565142,3156.0
2003-05-01,97840,3156,2003,5,2,121,18,3216.0,3255.0,3242.0,3237.6666666666665,3212.0,19.85782801151725,36.55133376491608,3151.0
2003-06-01,94538,3151,2003,6,2,152,22,3156.0,3216.0,3255.0,3209.0,3211.8333333333335,49.8698305591839,36.85331283156177,3061.0
2003-07-01,94896,3061,2003,7,3,182,27,3151.0,3156.0,3216.0,3174.3333333333335,3206.5,36.17089069037565,43.56489412352844,3131.0
2003-08-01,97071,3131,2003,8,3,213,31,3061.0,3151.0,3156.0,3122.6666666666665,3180.1666666666665,53.46338310783563,72.58489282668033,3133.0
2003-09-01,94003,3133,2003,9,3,244,36,3131.0,3061.0,3151.0,3114.3333333333335,3161.6666666666665,47.25815626254608,67.65106552494576,3141.0
2003-10-01,97366,3141,2003,10,4,274,40,3133.0,3131.0,3061.0,3108.3333333333335,3141.3333333333335,41.004064839174596,50.02665955928219,3091.0
2003-11-01,92734,3091,2003,11,4,305,44,3141.0,3133.0,3131.0,3135.0,3128.8333333333335,5.291502622304304,34.64342169388294,3108.0
2003-12-01,96360,3108,2003,12,4,335,49,3091.0,3141.0,3133.0,3121.6666666666665,3118.0,26.857649438013276,34.61213659965861,3126.0
2004-01-01,96897,3126,2004,1,1,1,1,3108.0,3091.0,3141.0,3113.3333333333335,3110.8333333333335,25.42308662092845,30.636035426602177,3154.0
2004-02-01,91467,3154,2004,2,1,32,5,3126.0,3108.0,3091.0,3108.3333333333335,3121.6666666666665,17.502380790487916,18.629725351172716,3131.0
2004-03-01,97050,3131,2004,3,1,61,10,3154.0,3126.0,3108.0,3129.3333333333335,3125.5,23.180451534325258,22.827614855553843,3103.0
2004-04-01,93097,3103,2004,4,2,92,14,3131.0,3154.0,3126.0,3137.0,3125.1666666666665,14.93318452313016,22.710496838690382,3103.0
2004-05-01,96197,3103,2004,5,2,122,18,3103.0,3131.0,3154.0,3129.3333333333335,3118.8333333333335,25.54081700602396,22.710496838688858,2988.0
2004-06-01,89653,2988,2004,6,2,153,23,3103.0,3103.0,3131.0,3112.3333333333335,3120.8333333333335,16.1658075373683,20.15357701898395,3182.0
2004-07-01,98653,3182,2004,7,3,183,27,2988.0,3103.0,3103.0,3064.6666666666665,3100.8333333333335,66.39528095682199,58.499287744894,3123.0
2004-08-01,96826,3123,2004,8,3,214,31,3182.0,2988.0,3103.0,3091.0,3110.1666666666665,97.55511262871856,67.14586112829294,2704.0
2004-09-01,81119,2704,2004,9,3,245,36,3123.0,3182.0,2988.0,3097.6666666666665,3105.0,99.45015501916163,64.22771987228943,2735.0
2004-10-01,84798,2735,2004,10,4,275,40,2704.0,3123.0,3182.0,3003.0,3033.8333333333335,260.616576602491,173.4144361541428,2975.0
2004-11-01,89260,2975,2004,11,4,306,45,2735.0,2704.0,3123.0,2854.0,2972.5,233.4759088214506,206.06285448860513,3041.0
2004-12-01,94272,3041,2004,12,4,336,49,2975.0,2735.0,2704.0,2804.6666666666665,2951.1666666666665,148.32509340410232,196.24211236800966,3067.0
2005-01-01,95074,3067,2005,1,1,1,53,3041.0,2975.0,2735.0,2917.0,2960.0,161.03415786721195,199.39909728981206,3085.0
2005-02-01,86388,3085,2005,2,1,32,5,3067.0,3041.0,2975.0,3027.6666666666665,2940.8333333333335,47.42713709824036,178.19137652158824,3155.0
2005-03-01,97809,3155,2005,3,1,60,9,3085.0,3067.0,3041.0,3064.3333333333335,2934.5,22.120880030758588,170.949992687896,3162.0
2005-04-01,94851,3162,2005,4,2,91,13,3155.0,3085.0,3067.0,3102.3333333333335,3009.6666666666665,46.49014232431586,146.77147770142173,3199.0
2005-05-01,99175,3199,2005,5,2,121,17,3162.0,3155.0,3085.0,3134.0,3080.8333333333335,42.57933771210817,70.83054896483242,3126.0
2005-06-01,93773,3126,2005,6,2,152,22,3199.0,3162.0,3155.0,3172.0,3118.1666666666665,23.643180835109657,62.4256891564669,2977.0
2005-07-01,92283,2977,2005,7,3,182,26,3126.0,3199.0,3162.0,3162.3333333333335,3132.3333333333335,36.501141534684216,49.774156614250586,2880.0
2005-08-01,89284,2880,2005,8,3,213,31,2977.0,3126.0,3199.0,3100.6666666666665,3117.3333333333335,113.14739649384414,78.6095838092266,1869.0
2005-09-01,56062,1869,2005,9,3,244,35,2880.0,2977.0,3126.0,2994.3333333333335,3083.1666666666665,123.912603609703,125.83706396232994,2171.0
2005-10-01,67304,2171,2005,10,4,274,39,1869.0,2880.0,2977.0,2575.3333333333335,2868.8333333333335,613.6223051139325,504.4963495077617,2455.0
2005-11-01,73652,2455,2005,11,4,305,44,2171.0,1869.0,2880.0,2306.6666666666665,2703.6666666666665,518.9743089338206,549.5320433483895,2638.0
2005-12-01,81765,2638,2005,12,4,335,48,2455.0,2171.0,1869.0,2165.0,2579.6666666666665,293.0460714631807,496.8201552540469,2728.0
2006-01-01,84564,2728,2006,1,1,1,52,2638.0,2455.0,2171.0,2421.3333333333335,2498.3333333333335,235.31326637768683,424.1186940782669,2700.0
2006-02-01,75603,2700,2006,2,1,32,5,2728.0,2638.0,2455.0,2607.0,2456.8333333333335,139.11506029183977,377.5380334041251,2742.0
2006-03-01,84996,2742,2006,3,1,60,9,2700.0,2728.0,2638.0,2688.6666666666665,2426.8333333333335,46.057934531796256,342.73454256414544,2759.0
2006-04-01,82781,2759,2006,4,2,91,13,2742.0,2700.0,2728.0,2723.3333333333335,2572.3333333333335,21.38535324316869,222.91941742848513,2809.0
2006-05-01,87093,2809,2006,5,2,121,18,2759.0,2742.0,2700.0,2733.6666666666665,2670.3333333333335,30.36994127974349,113.68142621666927,2844.0
2006-06-01,85334,2844,2006,6,2,152,22,2809.0,2759.0,2742.0,2770.0,2729.3333333333335,34.82814953455894,57.60439798015862,2886.0
2006-07-01,89455,2886,2006,7,3,182,26,2844.0,2809.0,2759.0,2804.0,2763.6666666666665,42.72001872660482,53.52631751444132,2889.0
2006-08-01,89551,2889,2006,8,3,213,31,2886.0,2844.0,2809.0,2846.3333333333335,2790.0,38.55299383101973,69.07676888788535,2839.0
2006-09-01,85179,2839,2006,9,3,244,35,2889.0,2886.0,2844.0,2873.0,2821.5,25.159491250842443,62.61868730651067,2861.0
2006-10-01,88679,2861,2006,10,4,274,39,2839.0,2889.0,2886.0,2871.3333333333335,2837.6666666666665,28.041635710752498,49.03740069230173,2874.0
2006-11-01,86233,2874,2006,11,4,305,44,2861.0,2839.0,2889.0,2863.0,2854.6666666666665,25.059928172308183,30.480594919677838,2871.0
2006-12-01,89006,2871,2006,12,4,335,48,2874.0,2861.0,2839.0,2858.0,2865.5,17.691806012989872,21.11634438038244,2852.0
2007-01-01,88402,2852,2007,1,1,1,1,2871.0,2874.0,2861.0,2868.6666666666665,2870.0,6.806859285643932,18.308467985905974,2872.0
2007-02-01,80427,2872,2007,2,1,32,5,2852.0,2871.0,2874.0,2865.6666666666665,2864.3333333333335,11.930353445500595,17.614388057993025,2834.0
2007-03-01,87839,2834,2007,3,1,60,9,2872.0,2852.0,2871.0,2865.0,2861.5,11.269427669639494,13.809417076433004,2888.0
2007-04-01,86654,2888,2007,4,2,91,13,2834.0,2872.0,2852.0,2852.6666666666665,2860.6666666666665,19.008769905878054,15.487629471857295,2890.0
2007-05-01,89591,2890,2007,5,2,121,18,2888.0,2834.0,2872.0,2864.6666666666665,2865.1666666666665,27.736858750308613,19.104100781182254,2827.0
2007-06-01,84806,2827,2007,6,2,152,22,2890.0,2888.0,2834.0,2870.6666666666665,2867.8333333333335,31.770006819869423,21.54452753386774,2786.0
2007-07-01,86372,2786,2007,7,3,182,26,2827.0,2890.0,2888.0,2868.3333333333335,2860.5,35.809682117194974,27.038860922584682,2784.0
2007-08-01,86311,2784,2007,8,3,213,31,2786.0,2827.0,2890.0,2834.3333333333335,2849.5,52.386384999679734,41.00609710751335,2716.0
2007-09-01,81479,2716,2007,9,3,244,35,2784.0,2786.0,2827.0,2799.0,2834.8333333333335,24.269322199053274,46.69225488940755,2805.0
2007-10-01,86968,2805,2007,10,4,274,40,2716.0,2784.0,2786.0,2762.0,2815.1666666666665,39.84971769036267,67.38075887564115,2739.0
2007-11-01,82168,2739,2007,11,4,305,44,2805.0,2716.0,2784.0,2768.3333333333335,2801.3333333333335,46.52239604034728,57.18624543242207,2847.0
2007-12-01,88246,2847,2007,12,4,335,48,2739.0,2805.0,2716.0,2753.3333333333335,2776.1666666666665,46.19884558444043,41.41215602521911,2862.0
2008-01-01,88720,2862,2008,1,1,1,1,2847.0,2739.0,2805.0,2797.0,2779.5,54.44263035527837,46.77926891252618,2913.0
2008-02-01,84477,2913,2008,2,1,32,5,2862.0,2847.0,2739.0,2816.0,2792.1666666666665,67.10439627924093,57.86680107503051,2901.0
2008-03-01,89918,2901,2008,3,1,61,9,2913.0,2862.0,2847.0,2874.0,2813.6666666666665,34.59768778402944,75.5027593314127,2895.0
2008-04-01,86850,2895,2008,4,2,92,14,2901.0,2913.0,2862.0,2892.0,2844.5,26.664583251967585,64.63358260216343,2878.0
2008-05-01,89231,2878,2008,5,2,122,18,2895.0,2901.0,2913.0,2903.0,2859.5,9.16515138996993,64.07417576520784,2901.0
2008-06-01,87042,2901,2008,6,2,153,22,2878.0,2895.0,2901.0,2891.3333333333335,2882.6666666666665,11.930353445495365,25.017327328424184,2957.0
2008-07-01,91664,2957,2008,7,3,183,27,2901.0,2878.0,2895.0,2891.3333333333335,2891.6666666666665,11.930353445495365,18.47881670068632,2845.0
2008-08-01,88182,2845,2008,8,3,214,31,2957.0,2901.0,2878.0,2912.0,2907.5,40.63249930783275,26.801119379439548,1664.0
2008-09-01,49933,1664,2008,9,3,245,36,2845.0,2957.0,2901.0,2901.0,2896.1666666666665,56.000000000009564,36.59735873881591,2384.0
2008-10-01,73917,2384,2008,10,4,275,40,1664.0,2845.0,2957.0,2488.6666666666665,2690.0,716.3744365437225,503.9603158979782,2700.0
2008-11-01,80991,2700,2008,11,4,306,44,2384.0,1664.0,2845.0,2297.6666666666665,2604.8333333333335,595.2145271524685,505.5632172801501,2797.0
2008-12-01,86696,2797,2008,12,4,336,49,2700.0,2384.0,1664.0,2249.3333333333335,2575.1666666666665,530.9664145059807,491.350553746158,2874.0
2009-01-01,89100,2874,2009,1,1,1,1,2797.0,2700.0,2384.0,2627.0,2557.8333333333335,215.9606445628512,479.24249255116774,2919.0
2009-02-01,81726,2919,2009,2,1,32,5,2874.0,2797.0,2700.0,2790.3333333333335,2544.0,87.19136042828363,466.4431369416741,2937.0
2009-03-01,91042,2937,2009,3,1,60,9,2919.0,2874.0,2797.0,2863.3333333333335,2556.3333333333335,61.695488759994554,476.85581328810076,3037.0
2009-04-01,91123,3037,2009,4,2,91,14,2937.0,2919.0,2874.0,2910.0,2768.5,32.4499614791931,207.61382420250925,3099.0
2009-05-01,96078,3099,2009,5,2,121,18,3037.0,2937.0,2919.0,2964.3333333333335,2877.3333333333335,63.5714820759612,117.21888357537641,3083.0
2009-06-01,92483,3083,2009,6,2,152,23,3099.0,3037.0,2937.0,3024.3333333333335,2943.8333333333335,81.73942337289914,109.41374075799614,3241.0
2009-07-01,100467,3241,2009,7,3,182,27,3083.0,3099.0,3037.0,3073.0,2991.5,32.18695387887069,93.84188830150187,3251.0
2009-08-01,100770,3251,2009,8,3,213,31,3241.0,3083.0,3099.0,3141.0,3052.6666666666665,86.97125962063724,118.34469429027438,3288.0
2009-09-01,98641,3288,2009,9,3,244,36,3251.0,3241.0,3083.0,3191.6666666666665,3108.0,94.24082625557477,120.93469311984911,3264.0
2009-10-01,101173,3264,2009,10,4,274,40,3288.0,3251.0,3241.0,3260.0,3166.5,24.758836806276783,105.59498094129438,3119.0
2009-11-01,93579,3119,2009,11,4,305,44,3264.0,3288.0,3251.0,3267.6666666666665,3204.3333333333335,18.770544300396544,89.3300994439117,3222.0
2009-12-01,99871,3222,2009,12,4,335,49,3119.0,3264.0,3288.0,3223.6666666666665,3207.6666666666665,91.43485841479337,84.87559523596381,3196.0
2010-01-01,99080,3196,2010,1,1,1,53,3222.0,3119.0,3264.0,3201.6666666666665,3230.8333333333335,74.60786374996532,59.09794130643869,3292.0
2010-02-01,92180,3292,2010,2,1,32,5,3196.0,3222.0,3119.0,3179.0,3223.3333333333335,53.563046963369594,60.3909485490933,3202.0
2010-03-01,99258,3202,2010,3,1,60,9,3292.0,3196.0,3222.0,3236.6666666666665,3230.1666666666665,49.65212315030701,66.18887116924769,3075.0
2010-04-01,92252,3075,2010,4,2,91,13,3202.0,3292.0,3196.0,3230.0,3215.8333333333335,53.77731863899452,60.20105203947186,3146.0
2010-05-01,97511,3146,2010,5,2,121,17,3075.0,3202.0,3292.0,3189.6666666666665,3184.3333333333335,109.0244620868795,77.0471716979867,3144.0
2010-06-01,94326,3144,2010,6,2,152,22,3146.0,3075.0,3202.0,3141.0,3188.8333333333335,63.64746656388034,73.1585037207505,3053.0
2010-07-01,94633,3053,2010,7,3,182,26,3144.0,3146.0,3075.0,3121.6666666666665,3175.8333333333335,40.4268887416986,73.01620824624489,3191.0
2010-08-01,98917,3191,2010,8,3,213,30,3053.0,3144.0,3146.0,3114.3333333333335,3152.0,53.12563725108336,87.09764635162198,3248.0
2010-09-01,97440,3248,2010,9,3,244,35,3191.0,3053.0,3144.0,3129.3333333333335,3135.1666666666665,70.15934245226109,60.25086444739848,3257.0
2010-10-01,100966,3257,2010,10,4,274,39,3248.0,3191.0,3053.0,3164.0,3142.8333333333335,100.26464980241128,72.19810708501183,3206.0
2010-11-01,96165,3206,2010,11,4,305,44,3257.0,3248.0,3191.0,3232.0,3173.1666666666665,35.79106033634533,76.12467843386283,3248.0
2010-12-01,100694,3248,2010,12,4,335,48,3206.0,3257.0,3248.0,3237.0,3183.1666666666665,27.221315177630423,75.78236382337963,3321.0
2011-01-01,102954,3321,2011,1,1,1,52,3248.0,3206.0,3257.0,3237.0,3200.5,27.221315177630423,76.91748825847414,3092.0
2011-02-01,86572,3092,2011,2,1,32,5,3321.0,3248.0,3206.0,3258.3333333333335,3245.1666666666665,58.19221024615887,45.551802013305895,3218.0
2011-03-01,99747,3218,2011,3,1,60,9,3092.0,3321.0,3248.0,3220.3333333333335,3228.6666666666665,116.9800552800916,76.50795165640841,3180.0
2011-04-01,95388,3180,2011,4,2,91,13,3218.0,3092.0,3321.0,3210.3333333333335,3223.6666666666665,114.69234208670306,75.97016958424732,3251.0
2011-05-01,100795,3251,2011,5,2,121,17,3180.0,3218.0,3092.0,3163.3333333333335,3210.8333333333335,64.63229326995507,75.7163566652492,3209.0
2011-06-01,96274,3209,2011,6,2,152,22,3251.0,3180.0,3218.0,3216.3333333333335,3218.3333333333335,35.52933060632157,77.35287109512655,3136.0
2011-07-01,97223,3136,2011,7,3,182,26,3209.0,3251.0,3180.0,3213.3333333333335,3211.8333333333335,35.697805721546935,75.98793763920186,3257.0
2011-08-01,100974,3257,2011,8,3,213,31,3136.0,3209.0,3251.0,3198.6666666666665,3181.0,58.19221024616066,58.30951894838783,3120.0
2011-09-01,93612,3120,2011,9,3,244,35,3257.0,3136.0,3209.0,3200.6666666666665,3208.5,60.928920336186486,45.42576361485346,3392.0
2011-10-01,105155,3392,2011,10,4,274,39,3120.0,3257.0,3136.0,3171.0,3192.1666666666665,74.90660852021095,57.373919742851086,3458.0
2011-11-01,103744,3458,2011,11,4,305,44,3392.0,3120.0,3257.0,3256.3333333333335,3227.5,136.00122548467414,98.74563281478653,3523.0
2011-12-01,109216,3523,2011,12,4,335,48,3458.0,3392.0,3120.0,3323.3333333333335,3262.0,179.15728657616174,137.25159379764168,3550.0
2012-01-01,110036,3550,2012,1,1,1,52,3523.0,3458.0,3392.0,3457.6666666666665,3314.3333333333335,65.50063612921998,169.1563379441036,3614.0
2012-02-01,104799,3614,2012,2,1,32,5,3550.0,3523.0,3458.0,3510.3333333333335,3383.3333333333335,47.28988616324099,166.27647658842227,3698.0
2012-03-01,114632,3698,2012,3,1,61,9,3614.0,3550.0,3523.0,3562.3333333333335,3442.8333333333335,46.736851983548426,175.63873908298373,3665.0
2012-04-01,109954,3665,2012,4,2,92,13,3698.0,3614.0,3550.0,3620.6666666666665,3539.1666666666665,74.22488351847988,109.0438749616912,3642.0
2012-05-01,112897,3642,2012,5,2,122,18,3665.0,3698.0,3614.0,3659.0,3584.6666666666665,42.32020793897916,90.78252401570033,3596.0
2012-06-01,107893,3596,2012,6,2,153,22,3642.0,3665.0,3698.0,3668.3333333333335,3615.3333333333335,28.14841617803257,67.53863092083951,3793.0
2012-07-01,117594,3793,2012,7,3,183,26,3596.0,3642.0,3665.0,3634.3333333333335,3627.5,35.133080327973545,52.47380298772687,3677.0
2012-08-01,113998,3677,2012,8,3,214,31,3793.0,3596.0,3642.0,3677.0,3668.0,103.05823596393613,71.14773362514785,3798.0
2012-09-01,113945,3798,2012,9,3,245,35,3677.0,3793.0,3596.0,3688.6666666666665,3678.5,99.01683358566676,66.05073807305298,4053.0
2012-10-01,125643,4053,2012,10,4,275,40,3798.0,3677.0,3793.0,3756.0,3695.1666666666665,68.46166810703666,82.51888672699003,4166.0
2012-11-01,124981,4166,2012,11,4,306,44,4053.0,3798.0,3677.0,3842.6666666666665,3759.8333333333335,191.9383581604549,164.97929162977454,4183.0
2012-12-01,129666,4183,2012,12,4,336,48,4166.0,4053.0,3798.0,4005.6666666666665,3847.1666666666665,188.51083081173473,219.73385416604046,4174.0
2013-01-01,129396,4174,2013,1,1,1,1,4183.0,4166.0,4053.0,4134.0,3945.0,70.66116330769461,216.18788125146298,4227.0
2013-02-01,118351,4227,2013,2,1,32,5,4174.0,4183.0,4166.0,4174.333333333333,4008.5,8.504900547913095,218.55411229257862,4215.0
2013-03-01,130671,4215,2013,3,1,60,9,4227.0,4174.0,4183.0,4194.666666666667,4100.166666666667,28.36077102847905,158.91056184742519,4351.0
2013-04-01,130531,4351,2013,4,2,91,14,4215.0,4227.0,4174.0,4205.333333333333,4169.666666666667,27.79088579606227,61.90853468355369,4292.0
2013-05-01,133066,4292,2013,5,2,121,18,4351.0,4215.0,4227.0,4264.333333333333,4219.333333333333,75.2949754852841,68.75075757157182,4253.0
2013-06-01,127595,4253,2013,6,2,152,22,4292.0,4351.0,4215.0,4286.0,4240.333333333333,68.19824044648156,68.44462481937607,4421.0
2013-07-01,137049,4421,2013,7,3,182,27,4253.0,4292.0,4351.0,4298.666666666667,4252.0,49.338963642636614,62.41794613729727,4407.0
2013-08-01,136615,4407,2013,8,3,213,31,4421.0,4253.0,4292.0,4322.0,4293.166666666667,87.92610533849445,79.73560476139512,4599.0
2013-09-01,137959,4599,2013,9,3,244,35,4407.0,4421.0,4253.0,4360.333333333333,4323.166666666667,93.21659365868939,83.62874306520214,4474.0
2013-10-01,138702,4474,2013,10,4,274,40,4599.0,4407.0,4421.0,4475.666666666667,4387.166666666667,107.03893372660607,122.29213656922487,4591.0
2013-11-01,137734,4591,2013,11,4,305,44,4474.0,4599.0,4407.0,4493.333333333333,4407.666666666667,97.4491320296323,125.28953135304668,4673.0
2013-12-01,144852,4673,2013,12,4,335,48,4591.0,4474.0,4599.0,4554.666666666667,4457.5,69.97380462236183,129.475480304186,4747.0
2014-01-01,147168,4747,2014,1,1,1,1,4673.0,4591.0,4474.0,4579.333333333333,4527.5,100.01166598616561,108.66416152531598,4849.0
2014-02-01,135759,4849,2014,2,1,32,5,4747.0,4673.0,4591.0,4670.333333333333,4581.833333333333,78.03418054498928,125.03186260576501,4914.0
2014-03-01,152326,4914,2014,3,1,60,9,4849.0,4747.0,4673.0,4756.333333333333,4655.5,88.37043246090647,131.46520452195932,5107.0
2014-04-01,153215,5107,2014,4,2,91,14,4914.0,4849.0,4747.0,4836.666666666667,4708.0,84.18036192204997,163.40624223083046,5120.0
2014-05-01,158724,5120,2014,5,2,121,18,5107.0,4914.0,4849.0,4956.666666666667,4813.5,134.1876795139065,185.02513342787066,5194.0
2014-06-01,155825,5194,2014,6,2,152,22,5120.0,5107.0,4914.0,5047.0,4901.666666666667,115.36463929642062,183.8299939255516,5292.0
2014-07-01,164038,5292,2014,7,3,182,27,5194.0,5120.0,5107.0,5140.333333333333,4988.5,46.92902442333794,177.14259792608334,5356.0
2014-08-01,166050,5356,2014,8,3,213,31,5292.0,5194.0,5120.0,5202.0,5079.333333333333,86.27861844044969,168.03769418398105,5351.0
2014-09-01,160536,5351,2014,9,3,244,36,5356.0,5292.0,5194.0,5280.666666666667,5163.833333333333,81.59248331387991,156.0979393415222,5467.0
2014-10-01,169476,5467,2014,10,4,274,40,5351.0,5356.0,5292.0,5333.0,5236.666666666667,35.594943461006515,111.91008295354766,5522.0
2014-11-01,165662,5522,2014,11,4,305,44,5467.0,5351.0,5356.0,5391.333333333333,5296.666666666667,65.57692683654338,124.30553755432736,5691.0
2014-12-01,176414,5691,2014,12,4,335,49,5522.0,5467.0,5351.0,5446.666666666667,5363.666666666667,87.29452063746702,118.22802826179021,5561.0
2015-01-01,172405,5561,2015,1,1,1,1,5691.0,5522.0,5467.0,5560.0,5446.5,116.73474204362401,146.3430900316258,5706.0
2015-02-01,159769,5706,2015,2,1,32,5,5561.0,5691.0,5522.0,5591.333333333333,5491.333333333333,88.48917071215374,129.81628043766887,5714.0
2015-03-01,177132,5714,2015,3,1,60,9,5706.0,5561.0,5691.0,5652.666666666667,5549.666666666667,79.73915809264885,135.35976753331082,5795.0
2015-04-01,173855,5795,2015,4,2,91,14,5714.0,5706.0,5561.0,5660.333333333333,5610.166666666667,86.11813591412907,106.94562481313777,5636.0
2015-05-01,174701,5636,2015,5,2,121,18,5795.0,5714.0,5706.0,5738.333333333333,5664.833333333333,49.237519569166835,102.88132321598953,5574.0
2015-06-01,167220,5574,2015,6,2,152,23,5636.0,5795.0,5714.0,5715.0,5683.833333333333,79.50471684114605,78.97700087160241,5698.0
2015-07-01,176632,5698,2015,7,3,182,27,5574.0,5636.0,5795.0,5668.333333333333,5664.333333333333,113.99268982405994,90.46251525727604,5734.0
2015-08-01,177759,5734,2015,8,3,213,31,5698.0,5574.0,5636.0,5636.0,5687.166666666667,61.99999999992876,75.15960794651015,5771.0
2015-09-01,173142,5771,2015,9,3,244,36,5734.0,5698.0,5574.0,5668.666666666667,5691.833333333333,83.93648392281142,77.39875106662352,5659.0
2015-10-01,175430,5659,2015,10,4,274,40,5771.0,5734.0,5698.0,5734.333333333333,5701.333333333333,36.50114153453469,83.88961000429819,5600.0
2015-11-01,168001,5600,2015,11,4,305,44,5659.0,5771.0,5734.0,5721.333333333333,5678.666666666667,57.06429122773879,70.88488320278888,5553.0
2015-12-01,172147,5553,2015,12,4,335,49,5600.0,5659.0,5771.0,5676.666666666667,5672.666666666667,86.85812186159883,76.51840737151397,5575.0
2016-01-01,172816,5575,2016,1,1,1,53,5553.0,5600.0,5659.0,5604.0,5669.166666666667,53.113086899475825,82.20320350614645,5523.0
2016-02-01,160160,5523,2016,2,1,32,5,5575.0,5553.0,5600.0,5576.0,5648.666666666667,23.51595203242598,88.65814495393373,5538.0
2016-03-01,171678,5538,2016,3,1,61,9,5523.0,5575.0,5553.0,5550.333333333333,5613.5,26.102362600438816,89.87936359368425,5462.0
2016-04-01,163856,5462,2016,4,2,92,13,5538.0,5523.0,5575.0,5545.333333333333,5574.666666666667,26.76440422136849,49.47187753332127,5411.0
2016-05-01,167737,5411,2016,5,2,122,17,5462.0,5538.0,5523.0,5507.666666666667,5541.833333333333,40.25336424853147,47.64626603073514,5337.0
2016-06-01,160110,5337,2016,6,2,153,22,5411.0,5462.0,5538.0,5470.333333333333,5510.333333333333,63.90878917117035,61.85682392971066,5352.0
2016-07-01,165922,5352,2016,7,3,183,26,5337.0,5411.0,5462.0,5403.333333333333,5474.333333333333,62.85167725148928,88.97115637480942,5400.0
2016-08-01,167388,5400,2016,8,3,214,31,5352.0,5337.0,5411.0,5366.666666666667,5437.166666666667,39.119475115669964,84.99745094219226,5285.0
2016-09-01,158550,5285,2016,9,3,245,35,5400.0,5352.0,5337.0,5363.0,5416.666666666667,32.90896534369031,74.31733759137342,5423.0
2016-10-01,168117,5423,2016,10,4,275,39,5285.0,5400.0,5352.0,5345.666666666667,5374.5,57.76100183796687,62.54838127404328,5511.0
2016-11-01,165319,5511,2016,11,4,306,44,5423.0,5285.0,5400.0,5369.333333333333,5368.0,73.93465583422645,52.922584970908495,5562.0
2016-12-01,172417,5562,2016,12,4,336,48,5511.0,5423.0,5285.0,5406.333333333333,5384.666666666667,113.91809923504414,78.6604517319207,5597.0
2017-01-01,173517,5597,2017,1,1,1,52,5562.0,5511.0,5423.0,5498.666666666667,5422.166666666667,70.31595361882678,101.66103809557583,5741.0
2017-02-01,160744,5741,2017,2,1,32,5,5597.0,5562.0,5511.0,5556.666666666667,5463.0,43.24735059312637,116.0293066427779,5770.0
2017-03-01,178879,5770,2017,3,1,60,9,5741.0,5597.0,5562.0,5633.333333333333,5519.833333333333,94.8700866096605,155.72336583400354,5670.0
2017-04-01,170104,5670,2017,4,2,91,13,5770.0,5741.0,5597.0,5702.666666666667,5600.666666666667,92.65167744474039,133.77692875332224,5785.0
2017-05-01,179321,5785,2017,5,2,121,18,5670.0,5770.0,5741.0,5727.0,5641.833333333333,51.449003877536654,102.52300554837285,5735.0
2017-06-01,172052,5735,2017,6,2,152,22,5785.0,5670.0,5770.0,5741.666666666667,5687.5,62.51666444496266,93.18959169352154,5891.0
2017-07-01,182626,5891,2017,7,3,182,26,5735.0,5785.0,5670.0,5730.0,5716.333333333333,57.66281297327394,70.62483038331531,5766.0
2017-08-01,178761,5766,2017,8,3,213,31,5891.0,5735.0,5785.0,5803.666666666667,5765.333333333333,79.65760059984137,73.21384204282907,5962.0
2017-09-01,178871,5962,2017,9,3,244,35,5766.0,5891.0,5735.0,5797.333333333333,5769.5,82.58530942803253,72.25717957411347,5978.0
2017-10-01,185307,5978,2017,10,4,274,39,5962.0,5766.0,5891.0,5873.0,5801.5,99.2320512737204,106.78717151421272,6335.0
2017-11-01,190060,6335,2017,11,4,305,44,5978.0,5962.0,5766.0,5902.0,5852.833333333333,118.05083650694807,104.94458855354527,6274.0
2017-12-01,194499,6274,2017,12,4,335,48,6335.0,5978.0,5962.0,6091.666666666667,5944.5,210.88464461245835,215.65412122193953,6278.0
2018-01-01,194610,6278,2018,1,1,1,1,6274.0,6335.0,5978.0,6195.666666666667,6034.333333333333,190.95636499819136,223.06650727232537,6536.0
2018-02-01,183021,6536,2018,2,1,32,5,6278.0,6274.0,6335.0,6295.666666666667,6098.833333333333,34.1223289551302,229.1989674206122,6719.0
2018-03-01,208276,6719,2018,3,1,60,9,6536.0,6278.0,6274.0,6362.666666666667,6227.166666666667,150.1243928657894,220.98906458618228,6689.0
2018-04-01,200656,6689,2018,4,2,91,13,6719.0,6536.0,6278.0,6511.0,6353.333333333333,221.56037551870156,253.08470255366444,6636.0
2018-05-01,205701,6636,2018,5,2,121,18,6689.0,6719.0,6536.0,6648.0,6471.833333333333,98.14784765845666,203.86408871274438,6904.0
2018-06-01,207122,6904,2018,6,2,152,22,6636.0,6689.0,6719.0,6681.333333333333,6522.0,42.02776859792659,200.46446069069557,7157.0
2018-07-01,221867,7157,2018,7,3,182,26,6904.0,6636.0,6689.0,6743.0,6627.0,141.92603707560974,209.38003725286785,7455.0
2018-08-01,231101,7455,2018,8,3,213,31,7157.0,6904.0,6636.0,6899.0,6773.5,260.53598599807066,223.3944941130233,7414.0
2018-09-01,222433,7414,2018,9,3,244,35,7455.0,7157.0,6904.0,7172.0,6926.666666666667,275.8060913032669,321.496915485486,7438.0
2018-10-01,230565,7438,2018,10,4,274,40,7414.0,7455.0,7157.0,7342.0,7042.5,161.5208964808747,355.1522208856593,7785.0
2018-11-01,233554,7785,2018,11,4,305,44,7438.0,7414.0,7455.0,7435.666666666667,7167.333333333333,20.59935274027986,337.23088035748435,7846.0
2018-12-01,243229,7846,2018,12,4,335,48,7785.0,7438.0,7414.0,7545.666666666667,7358.833333333333,207.61583112402118,299.2613684836147,7737.0
2019-01-01,239861,7737,2019,1,1,1,1,7846.0,7785.0,7438.0,7689.666666666667,7515.833333333333,220.0734725797672,257.0411769866596,7647.0
2019-02-01,214115,7647,2019,2,1,32,5,7737.0,7846.0,7785.0,7789.333333333333,7612.5,54.629052099750005,197.19913792920488,7857.0
2019-03-01,243580,7857,2019,3,1,60,9,7647.0,7737.0,7846.0,7743.333333333333,7644.5,99.65105786351387,181.4814040060907,8006.0
2019-04-01,240174,8006,2019,4,2,91,14,7857.0,7647.0,7737.0,7747.0,7718.333333333333,105.3565375284519,157.47719411613016,8014.0
2019-05-01,248449,8014,2019,5,2,121,18,8006.0,7857.0,7647.0,7836.666666666667,7813.0,180.36167368184712,121.97540735748161,8059.0
2019-06-01,241770,8059,2019,6,2,152,22,8014.0,8006.0,7857.0,7959.0,7851.166666666667,88.42510955595893,145.09778312121298,7721.0
2019-07-01,239342,7721,2019,7,3,182,27,8059.0,8014.0,8006.0,8026.333333333333,7886.666666666667,28.571547618504002,167.85311038729918,8353.0
2019-08-01,258931,8353,2019,8,3,213,31,7721.0,8059.0,8014.0,7931.333333333333,7884.0,183.53837019358332,170.80749398086766,8351.0
2019-09-01,250517,8351,2019,9,3,244,35,8353.0,7721.0,8059.0,8044.333333333333,8001.666666666667,316.2551712356912,212.88275333312413,8438.0
2019-10-01,261587,8438,2019,10,4,274,40,8351.0,8353.0,7721.0,8141.666666666667,8084.0,364.3093923210271,239.5946577034342,8646.0
2019-11-01,259371,8646,2019,11,4,305,44,8438.0,8351.0,8353.0,8380.666666666666,8156.0,49.6621921920001,273.9182359756765,8676.0
2019-12-01,268953,8676,2019,12,4,335,48,8646.0,8438.0,8351.0,8478.333333333334,8261.333333333334,151.5794621092016,325.12192584735635,8701.0
2020-01-01,269741,8701,2020,1,1,1,1,8676.0,8646.0,8438.0,8586.666666666666,8364.166666666666,129.61995731103625,345.2775212299445,8676.0
2020-02-01,251616,8676,2020,2,1,32,5,8701.0,8676.0,8646.0,8674.333333333334,8527.5,27.537852736096124,164.8086769561289,8737.0
2020-03-01,270848,8737,2020,3,1,61,9,8676.0,8701.0,8676.0,8684.333333333334,8581.333333333334,14.433756729102358,148.3397002379901,8218.0
2020-04-01,246546,8218,2020,4,2,92,14,8737.0,8676.0,8701.0,8704.666666666666,8645.666666666666,30.66485501865154,106.17846611576772,6800.0
2020-05-01,210801,6800,2020,5,2,122,18,8218.0,8737.0,8676.0,8543.666666666666,8609.0,283.6799840195194,193.94638434379334,7256.0
2020-06-01,217687,7256,2020,6,2,153,23,6800.0,8218.0,8737.0,7918.333333333333,8301.333333333334,1002.6676085988389,760.4255825961513,7532.0
2020-07-01,233477,7532,2020,7,3,183,27,7256.0,6800.0,8218.0,7424.666666666667,8064.666666666667,723.8904152793531,837.5577990005796,7015.0
2020-08-01,217480,7015,2020,8,3,214,31,7532.0,7256.0,6800.0,7196.0,7869.833333333333,369.67012321795914,794.8042316612906,7339.0
2020-09-01,220167,7339,2020,9,3,245,36,7015.0,7532.0,7256.0,7267.666666666667,7593.0,258.6973779018923,745.598283259844,6930.0
2020-10-01,214817,6930,2020,10,4,275,40,7339.0,7015.0,7532.0,7295.333333333333,7360.0,261.2514752749054,491.8597361037246,7628.0
2020-11-01,228847,7628,2020,11,4,306,44,6930.0,7339.0,7015.0,7094.666666666667,7145.333333333333,215.8247746050357,276.36039272423113,7667.0
2020-12-01,237668,7667,2020,12,4,336,49,7628.0,6930.0,7339.0,7299.0,7283.333333333333,350.7149839969503,276.1605813049573,7703.0
2021-01-01,238780,7703,2021,1,1,1,53,7667.0,7628.0,6930.0,7408.333333333333,7351.833333333333,414.70752746160093,316.1084729435329,6705.0
2021-02-01,187743,6705,2021,2,1,32,5,7703.0,7667.0,7628.0,7666.0,7380.333333333333,37.50999866677265,342.23013699365,7993.0
2021-03-01,247772,7993,2021,3,1,60,9,6705.0,7703.0,7667.0,7358.333333333333,7328.666666666667,566.0895100011256,422.42095907600543,7931.0
2021-04-01,237924,7931,2021,4,2,91,13,7993.0,6705.0,7703.0,7467.0,7437.666666666667,675.6537574823226,502.4227967227329,8003.0
2021-05-01,248078,8003,2021,5,2,121,17,7931.0,7993.0,6705.0,7543.0,7604.5,726.3910792403642,464.9291343850443,7992.0
2021-06-01,239762,7992,2021,6,2,152,22,8003.0,7931.0,7993.0,7975.666666666667,7667.0,39.00427326991836,493.07362533401323,8141.0
2021-07-01,252372,8141,2021,7,3,182,26,7992.0,8003.0,7931.0,7975.333333333333,7721.166666666667,38.78573620952006,510.61312817699246,7969.0
2021-08-01,247030,7969,2021,8,3,213,30,8141.0,7992.0,8003.0,8045.333333333333,7794.166666666667,83.03212229802696,538.0678086140204,7541.0
2021-09-01,226239,7541,2021,9,3,244,35,7969.0,8141.0,7992.0,8034.0,8004.833333333333,93.37558567409998,71.53297607883245,8214.0
2021-10-01,254642,8214,2021,10,4,274,39,7541.0,7969.0,8141.0,7883.666666666667,7929.5,308.96817527589246,203.24148198639958,8384.0
2021-11-01,251523,8384,2021,11,4,305,44,8214.0,7541.0,7969.0,7908.0,7976.666666666667,340.6214908075844,234.14753183985246,8278.0
2021-12-01,256625,8278,2021,12,4,335,48,8384.0,8214.0,7541.0,8046.333333333333,8040.166666666667,445.80975015505743,288.1523323984986,8103.0
2022-01-01,251178,8103,2022,1,1,1,52,8278.0,8384.0,8214.0,8292.0,8087.833333333333,85.8603517345551,301.91748320806937,8107.0
2022-02-01,227005,8107,2022,2,1,32,5,8103.0,8278.0,8384.0,8255.0,8081.5,141.9048977307743,300.9762449098403,8401.0
2022-03-01,260444,8401,2022,3,1,60,9,8107.0,8103.0,8278.0,8162.666666666667,8104.5,99.90161827175206,295.8896753859928,8554.0
2022-04-01,256617,8554,2022,4,2,91,13,8401.0,8107.0,8103.0,8203.666666666666,8247.833333333334,170.90738232538402,130.28187389922945,8367.0
2022-05-01,259379,8367,2022,5,2,121,17,8554.0,8401.0,8107.0,8354.0,8304.5,227.17614311362382,177.87270729380612,8525.0
2022-06-01,255744,8525,2022,6,2,152,22,8367.0,8554.0,8401.0,8440.666666666666,8301.666666666666,99.6109097103073,176.483049233332,8606.0
2022-07-01,266772,8606,2022,7,3,182,26,8525.0,8367.0,8554.0,8482.0,8342.833333333334,100.64293318450967,197.42382497230315,8753.0
2022-08-01,271353,8753,2022,8,3,213,31,8606.0,8525.0,8367.0,8499.333333333334,8426.666666666666,121.54971548018926,181.3556358834608,9008.0
2022-09-01,270239,9008,2022,9,3,244,35,8753.0,8606.0,8525.0,8628.0,8534.333333333334,115.58114032999315,140.85690138113205,9008.0
2022-10-01,279250,9008,2022,10,4,274,39,9008.0,8753.0,8606.0,8789.0,8635.5,203.40353979216187,221.07804051969188,9013.0
2022-11-01,270388,9013,2022,11,4,305,44,9008.0,9008.0,8753.0,8923.0,8711.166666666666,147.22431864329198,261.58701547800956,8942.0
2022-12-01,277196,8942,2022,12,4,335,48,9013.0,9008.0,9008.0,9009.666666666666,8818.833333333334,2.8867513427562215,221.46730383217118,9225.0
2023-01-01,285981,9225,2023,1,1,1,52,8942.0,9013.0,9008.0,8987.666666666666,8888.333333333334,39.62743157605455,170.34631392164158,9106.0
2023-02-01,254975,9106,2023,2,1,32,5,9225.0,8942.0,9013.0,9060.0,8991.5,147.23790272882027,151.5661571724467,9324.0
2023-03-01,289055,9324,2023,3,1,60,9,9106.0,9225.0,8942.0,9091.0,9050.333333333334,142.09503861845965,100.32081871022068,9161.0
2023-04-01,274830,9161,2023,4,2,91,13,9324.0,9106.0,9225.0,9218.333333333334,9103.0,109.1527981011702,146.13692209712715,9170.0
2023-05-01,284260,9170,2023,5,2,121,18,9161.0,9324.0,9106.0,9197.0,9128.5,113.37107214797562,139.4399512335744,9267.0
2023-06-01,278003,9267,2023,6,2,152,22,9170.0,9161.0,9324.0,9218.333333333334,9154.666666666666,91.62059448243528,127.66466491041308,9381.0
2023-07-01,290817,9381,2023,7,3,182,26,9267.0,9170.0,9161.0,9199.333333333334,9208.833333333334,58.77357682934457,79.09340469778505,9429.0
2023-08-01,292284,9429,2023,8,3,213,31,9381.0,9267.0,9170.0,9272.666666666666,9234.833333333334,105.6140773444284,106.39815161311462,9504.0
2023-09-01,285125,9504,2023,9,3,244,35,9429.0,9381.0,9267.0,9359.0,9288.666666666666,83.21057625074842,109.83381385842301,9474.0
2023-10-01,293691,9474,2023,10,4,274,39,9504.0,9429.0,9381.0,9438.0,9318.666666666666,61.99193495916719,141.44775242712896,9554.0
2023-11-01,286615,9554,2023,11,4,305,44,9474.0,9504.0,9429.0,9469.0,9370.833333333334,37.74917217611024,128.82455770033022,9582.0
2023-12-01,297027,9582,2023,12,4,335,48,9554.0,9474.0,9504.0,9510.666666666666,9434.833333333334,40.4145188430466,101.60593814676768,9119.0
2024-01-01,282678,9119,2024,1,1,1,1,9582.0,9554.0,9474.0,9536.666666666666,9487.333333333334,56.04759881845958,75.59276861369767,9464.0
2024-02-01,274444,9464,2024,2,1,32,5,9119.0,9582.0,9554.0,9418.333333333334,9443.666666666666,259.6080378827188,168.22207544399376,9554.0
2024-03-01,296171,9554,2024,3,1,61,9,9464.0,9119.0,9582.0,9388.333333333334,9449.5,240.59578827010915,168.21860776982422,9603.0
2024-04-01,288079,9603,2024,4,2,92,14,9554.0,9464.0,9119.0,9379.0,9457.833333333334,229.6192500640614,172.63883302051272,9623.0
2024-05-01,298325,9623,2024,5,2,122,18,9603.0,9554.0,9464.0,9540.333333333334,9479.333333333334,70.500591013943,182.7891316973853,9713.0
2024-06-01,291401,9713,2024,6,2,153,22,9623.0,9603.0,9554.0,9593.333333333334,9490.833333333334,35.50117368926289,190.43677866075097,9682.0
2024-07-01,300155,9682,2024,7,3,183,27,9713.0,9623.0,9603.0,9646.333333333334,9512.666666666666,58.594652770668105,209.5315409829351,9819.0
2024-08-01,304381,9819,2024,8,3,214,31,9682.0,9713.0,9623.0,9672.666666666666,9606.5,45.72016331242867,89.8771383612918,9586.0
2024-09-01,287585,9586,2024,9,3,245,35,9819.0,9682.0,9713.0,9738.0,9665.666666666666,71.84010022252083,94.05884682835628,9842.0
2024-10-01,305104,9842,2024,10,4,275,40,9586.0,9819.0,9682.0,9695.666666666666,9671.0,117.09967264392809,87.11142290201337,9642.0
2024-11-01,289270,9642,2024,11,4,306,44,9842.0,9586.0,9819.0,9749.0,9710.833333333334,141.62979912427255,102.99401277103044,9781.0
2024-12-01,303199,9781,2024,12,4,336,48,9642.0,9842.0,9586.0,9690.0,9714.0,134.58083073001814,100.0019999800627,9548.0
2025-01-01,295989,9548,2025,1,1,1,1,9781.0,9642.0,9842.0,9755.0,9725.333333333334,102.50365847120675,103.65262498691878,9629.0
